cap,correlation_completed,correlation_partial,correlation_overall,mean_score
3.0,0.664370626652309,-0.5491603411191509,0.5237013000997155,156.14648956940096
5.0,0.8141842173055364,-0.5491603411191509,0.6734034836705289,175.93241314133274
10.0,0.8906206492860818,-0.5491603411191509,0.7644067440042769,225.39722207116222
100.0,0.9358054281401508,-0.5491603411191509,0.8276416437266076,1115.763782808093
